"legacy_url","legacy_path","source_host","verification_status","page_kind","legacy_title","legacy_meta_description","legacy_canonical","year","client_or_artist","work_title","legacy_category","roles","techniques","language","grouped_page","initial_release_scope","source_evidence","notes"
"https://oikaw.com/","/","oikaw.com public alias; oikaw.oikaw.com archived canonical","archive-verified-codex-http-301-then-404-human-browser-live","home","YUSUKE OIKAWA","|| Director, Visual Artist || This page is dedicated to the work of Yusuke Oikawa.","https://oikaw.oikaw.com/top","","","","","","","en-US","false","true","https://web.archive.org/web/20251015142318/https://oikaw.oikaw.com/","Codex HTTP observed oikaw.com → oikaw.oikaw.com and then 404 on 2026-08-19. Human Validation in normal Chrome confirmed oikaw.oikaw.com displayed normally; environment behavior and production availability are distinct."
"https://oikaw.com/06-emitter","/06-emitter","oikaw.com public alias; oikaw.oikaw.com archived canonical","archive-verified-live-unchecked","project","YUSUKE OIKAWA - 06 Emitter","|| Director, Visual Artist || This page is dedicated to the work of Yusuke Oikawa.","https://oikaw.oikaw.com/06-emitter","","","06 Emitter","VR Sculpture","","","en-US","false","true","https://web.archive.org/web/20251015143313/https://oikaw.oikaw.com/06-emitter","Historical 200 response verified from the public Internet Archive; current live status was not individually tested."
"https://oikaw.com/07-luck","/07-luck","oikaw.com public alias; oikaw.oikaw.com archived canonical","archive-verified-live-unchecked","project","YUSUKE OIKAWA - 07 Luck","|| Director, Visual Artist || This page is dedicated to the work of Yusuke Oikawa.","https://oikaw.oikaw.com/07-luck","","","07 Luck","VR Sculpture","","","en-US","false","true","https://web.archive.org/web/20250912102233/https://oikaw.oikaw.com/07-luck","Historical 200 response verified from the public Internet Archive; current live status was not individually tested."
"https://oikaw.com/08-daydream","/08-daydream","oikaw.com public alias; oikaw.oikaw.com archived canonical","archive-verified-live-unchecked","project","YUSUKE OIKAWA - 08 Daydream","|| Director, Visual Artist || This page is dedicated to the work of Yusuke Oikawa.","https://oikaw.oikaw.com/08-daydream","","","08 Daydream","VR Sculpture","","","en-US","false","true","https://web.archive.org/web/20250912104709/https://oikaw.oikaw.com/08-daydream","Historical 200 response verified from the public Internet Archive; current live status was not individually tested."
"https://oikaw.com/4s4ki","/4s4ki","oikaw.com historical","archive-verified-live-unchecked","project","YUSUKE OIKAWA - 4s4ki - 超破滅的思考","","https://oikaw.com/4s4ki","2019","4s4ki","超破滅的思考","Video","Director; Videographer; Editor","","en-US","false","true","https://web.archive.org/web/20200918112009/https://oikaw.com/4s4ki","Historical 200 response verified from the public Internet Archive; current live status was not individually tested."
"https://oikaw.com/4s4ki-artwork-2020","/4s4ki-artwork-2020","oikaw.com public alias; oikaw.oikaw.com archived canonical","archive-verified-live-unchecked","project-group","YUSUKE OIKAWA - 4s4ki's Art Works 2020","|| Director, Visual Artist || This page is dedicated to the work of Yusuke Oikawa.","https://oikaw.oikaw.com/4s4ki-artwork-2020","2020","4s4ki; 4s4ki, Masayoshi Iimori","おまえのドリームランド (Your Dreamland); NEMNEM REMIX EP; 遺影にイェーイ","Graphic","","","en-US","true","true","https://web.archive.org/web/20251015153443/https://oikaw.oikaw.com/4s4ki-artwork-2020","Historical 200 response verified from the public Internet Archive; current live status was not individually tested. Human Validation confirmed an HTTP 200 migration compatibility view at this same legacy pathname. Its historical Project subset is fixed by explicit IDs in url-migration-map.csv; it is not a normal-IA Collection or a future filter calculation."
"https://oikaw.com/4s4ki-artwork-2021","/4s4ki-artwork-2021","oikaw.com public alias; oikaw.oikaw.com archived canonical","archive-verified-live-unchecked","project-group","YUSUKE OIKAWA - 4s4ki's Art Works 2021","|| Director, Visual Artist || This page is dedicated to the work of Yusuke Oikawa.","https://oikaw.oikaw.com/4s4ki-artwork-2021","2021","4s4ki","FAIRYTALE feat. Zheani ​​​​​​; gemstone feat. Puppet ​​​​​​​; ALICE feat. Smrtdeath","Graphic","","","en-US","true","true","https://web.archive.org/web/20251015153819/https://oikaw.oikaw.com/4s4ki-artwork-2021","Historical 200 response verified from the public Internet Archive; current live status was not individually tested. Human Validation confirmed an HTTP 200 migration compatibility view at this same legacy pathname. Its historical Project subset is fixed by explicit IDs in url-migration-map.csv; it is not a normal-IA Collection or a future filter calculation."
"https://oikaw.com/4s4ki-artwork-2022","/4s4ki-artwork-2022","oikaw.com public alias; oikaw.oikaw.com archived canonical","archive-verified-live-unchecked","project-group","YUSUKE OIKAWA - 4s4ki's Art Works 2022","|| Director, Visual Artist || This page is dedicated to the work of Yusuke Oikawa.","https://oikaw.oikaw.com/4s4ki-artwork-2022","2022","4s4ki","LOG OUT; Freedom Kingdom feat. Swervy","Graphic","","","en-US","true","true","https://web.archive.org/web/20251015154148/https://oikaw.oikaw.com/4s4ki-artwork-2022","Historical 200 response verified from the public Internet Archive; current live status was not individually tested. Human Validation confirmed an HTTP 200 migration compatibility view at this same legacy pathname. Its historical Project subset is fixed by explicit IDs in url-migration-map.csv; it is not a normal-IA Collection or a future filter calculation."
"https://oikaw.com/4s4ki-chouhametsuteki","/4s4ki-chouhametsuteki","oikaw.com public alias; oikaw.oikaw.com archived canonical","archive-verified-live-unchecked","project","YUSUKE OIKAWA - 4s4ki - 超破滅的思考","|| Director, Visual Artist || This page is dedicated to the work of Yusuke Oikawa.","https://oikaw.oikaw.com/4s4ki-chouhametsuteki","2019","4s4ki","超破滅的思考","Video","Director; Camera; Editor","","en-US","false","true","https://web.archive.org/web/20251015141005/https://oikaw.oikaw.com/4s4ki-chouhametsuteki","Historical 200 response verified from the public Internet Archive; current live status was not individually tested."
"https://oikaw.com/4s4ki-h-o-h","/4s4ki-h-o-h","oikaw.com public alias; oikaw.oikaw.com archived canonical","archive-verified-live-unchecked","project-group","YUSUKE OIKAWA - 4s4ki - Here or Heaven / Here or Hell","|| Director, Visual Artist || This page is dedicated to the work of Yusuke Oikawa.","https://oikaw.oikaw.com/4s4ki-h-o-h","2021; 2022","4s4ki","Here or Heaven ​​​​​​​; Here or Hell","Graphic","","","en-US","true","true","https://web.archive.org/web/20250912090319/https://oikaw.oikaw.com/4s4ki-h-o-h","Historical 200 response verified from the public Internet Archive; current live status was not individually tested. Human Validation confirmed an HTTP 200 migration compatibility view at this same legacy pathname. Its historical Project subset is fixed by explicit IDs in url-migration-map.csv; it is not a normal-IA Collection or a future filter calculation."
"https://oikaw.com/4s4ki-masayoshi-iimori","/4s4ki-masayoshi-iimori","oikaw.com historical","archive-verified-live-unchecked","project","YUSUKE OIKAWA - 4s4ki, Masayoshi Iimori - 遺影にイェーイ","","https://oikaw.com/4s4ki-masayoshi-iimori","2020","4s4ki, Masayoshi Iimori","遺影にイェーイ","Graphic","","","en-US","false","true","https://web.archive.org/web/20220518153845/https://oikaw.com/4s4ki-masayoshi-iimori","Historical 200 response verified from the public Internet Archive; current live status was not individually tested."
"https://oikaw.com/4s4ki-mvs-2020","/4s4ki-mvs-2020","oikaw.com public alias; oikaw.oikaw.com archived canonical","archive-verified-live-unchecked","project-group","YUSUKE OIKAWA - 4s4ki Music Videos [2020]","|| Director, Visual Artist || This page is dedicated to the work of Yusuke Oikawa.","https://oikaw.oikaw.com/4s4ki-mvs-2020","2020","4s4ki","おまえのドリームランド; I LOVE ME; 35.5; クロニクル","Video","Director; Camera; Edit; CG; Design","","en-US","true","true","https://web.archive.org/web/20251015145550/https://oikaw.oikaw.com/4s4ki-mvs-2020","Historical 200 response verified from the public Internet Archive; current live status was not individually tested. Human Validation confirmed an HTTP 200 migration compatibility view at this same legacy pathname. Its historical Project subset is fixed by explicit IDs in url-migration-map.csv; it is not a normal-IA Collection or a future filter calculation."
"https://oikaw.com/4s4ki-mvs-2021-1st","/4s4ki-mvs-2021-1st","oikaw.com public alias; oikaw.oikaw.com archived canonical","archive-verified-live-unchecked","project-group","YUSUKE OIKAWA - 4s4ki Music Videos [1st Half of 2021]","|| Director, Visual Artist || This page is dedicated to the work of Yusuke Oikawa.","https://oikaw.oikaw.com/4s4ki-mvs-2021-1st","2021","4s4ki","FAIRYTALE feat. Zheani; gemstone feat. Puppet; ALICE feat. Smrtdeath; 44 seconds","Video","Director; Camera; Edit; CG; Design; Video","","en-US","true","true","https://web.archive.org/web/20251015145908/https://oikaw.oikaw.com/4s4ki-mvs-2021-1st","Historical 200 response verified from the public Internet Archive; current live status was not individually tested. Human Validation confirmed an HTTP 200 migration compatibility view at this same legacy pathname. Its historical Project subset is fixed by explicit IDs in url-migration-map.csv; it is not a normal-IA Collection or a future filter calculation."
"https://oikaw.com/4s4ki-mvs-2021-2nd","/4s4ki-mvs-2021-2nd","oikaw.com public alias; oikaw.oikaw.com archived canonical","archive-verified-live-unchecked","project-group","YUSUKE OIKAWA - 4s4ki Music Videos [2nd Half of 2021]","|| Director, Visual Artist || This page is dedicated to the work of Yusuke Oikawa.","https://oikaw.oikaw.com/4s4ki-mvs-2021-2nd","2021","4s4ki","STAR PLAYER; m e l t; OBON; space coaster","Video","Director; Camera; Edit; CG","","en-US","true","true","https://web.archive.org/web/20250912094742/https://oikaw.oikaw.com/4s4ki-mvs-2021-2nd","Historical 200 response verified from the public Internet Archive; current live status was not individually tested. Human Validation confirmed an HTTP 200 migration compatibility view at this same legacy pathname. Its historical Project subset is fixed by explicit IDs in url-migration-map.csv; it is not a normal-IA Collection or a future filter calculation."
"https://oikaw.com/4s4ki-mvs-2022-1st","/4s4ki-mvs-2022-1st","oikaw.com public alias; oikaw.oikaw.com archived canonical","archive-verified-live-unchecked","project-group","YUSUKE OIKAWA - 4s4ki Music Videos [1st Half of 2022]","|| Director, Visual Artist || This page is dedicated to the work of Yusuke Oikawa.","https://oikaw.oikaw.com/4s4ki-mvs-2022-1st","2022","4s4ki","ブラックホール; 0h G0D!!","Video","Director; Camera; Edit; Photo; Illustration","","en-US","true","true","https://web.archive.org/web/20251015154418/https://oikaw.oikaw.com/4s4ki-mvs-2022-1st","Historical 200 response verified from the public Internet Archive; current live status was not individually tested. Human Validation confirmed an HTTP 200 migration compatibility view at this same legacy pathname. Its historical Project subset is fixed by explicit IDs in url-migration-map.csv; it is not a normal-IA Collection or a future filter calculation."
"https://oikaw.com/4s4ki-mvs-2022-2nd","/4s4ki-mvs-2022-2nd","oikaw.com public alias; oikaw.oikaw.com archived canonical","archive-verified-codex-http-404-human-browser-live","project-group","YUSUKE OIKAWA - 4s4ki Music Videos [2nd Half of 2022]","|| Director, Visual Artist || This page is dedicated to the work of Yusuke Oikawa.","https://oikaw.oikaw.com/4s4ki-mvs-2022-2nd","2022","4s4ki","LOG OUT; 電脳郷","Video","Director; Camera; Edit; 3DCG","","en-US","true","true","https://web.archive.org/web/20251015134858/https://oikaw.oikaw.com/4s4ki-mvs-2022-2nd","Public archive verified. Codex HTTP returned 404 on 2026-08-19, while Human Validation in normal Chrome confirmed the Adobe Portfolio site displayed normally; do not interpret the Codex response as a production outage. Human Validation confirmed an HTTP 200 migration compatibility view at this same legacy pathname. Its historical Project subset is fixed by explicit IDs in url-migration-map.csv; it is not a normal-IA Collection or a future filter calculation."
"https://oikaw.com/4s4ki-mvs-undeadcyborg","/4s4ki-mvs-undeadcyborg","oikaw.com public alias; oikaw.oikaw.com archived canonical","archive-verified-live-unchecked","project-group","YUSUKE OIKAWA - 4s4ki Music Videos [UNDEAD CYBORG]","|| Director, Visual Artist || This page is dedicated to the work of Yusuke Oikawa.","https://oikaw.oikaw.com/4s4ki-mvs-undeadcyborg","2021","4s4ki","☆メガジョッキ☆; Sugar Junky; REIMEN; 幸福論","Video","Video","","en-US","true","true","https://web.archive.org/web/20251015135830/https://oikaw.oikaw.com/4s4ki-mvs-undeadcyborg","Historical 200 response verified from the public Internet Archive; current live status was not individually tested. Human Validation confirmed an HTTP 200 migration compatibility view at this same legacy pathname. Its historical Project subset is fixed by explicit IDs in url-migration-map.csv; it is not a normal-IA Collection or a future filter calculation."
"https://oikaw.com/4s4ki-nemnem-remix","/4s4ki-nemnem-remix","oikaw.com historical","archive-verified-live-unchecked","project","YUSUKE OIKAWA - 4s4ki - NEMNEM REMIX EP","","https://oikaw.com/4s4ki-nemnem-remix","2020","4s4ki","NEMNEM REMIX EP","Graphic","","","en-US","false","true","https://web.archive.org/web/20200918112818/https://oikaw.com/4s4ki-nemnem-remix","Historical 200 response verified from the public Internet Archive; current live status was not individually tested."
"https://oikaw.com/4s4ki-singles-2021","/4s4ki-singles-2021","oikaw.com historical","archive-verified-live-unchecked","project-group","YUSUKE OIKAWA - 4s4ki Singles [2021 Spring]","","https://oikaw.com/4s4ki-singles-2021","2021","4s4ki","FAIRYTALE feat. Zheani ​​​​​​; gemstone feat. Puppet ​​​​​​​; ALICE feat. Smrtdeath","Graphic","","","en-US","true","true","https://web.archive.org/web/20220518154516/https://oikaw.com/4s4ki-singles-2021","Historical 200 response verified from the public Internet Archive; current live status was not individually tested. Human Validation confirmed this path as a complete alias of /4s4ki-artwork-2021; future Astro static handling uses a zero-second meta refresh with canonical /4s4ki-artwork-2021."
"https://oikaw.com/4s4ki-yourdreamland","/4s4ki-yourdreamland","oikaw.com historical","archive-verified-live-unchecked","project","YUSUKE OIKAWA - 4s4ki - おまえのドリームランド","","https://oikaw.com/4s4ki-yourdreamland","2020","4s4ki","おまえのドリームランド (Your Dreamland)","Graphic","","","en-US","false","true","https://web.archive.org/web/20200918103023/https://oikaw.com/4s4ki-yourdreamland","Historical 200 response verified from the public Internet Archive; current live status was not individually tested."
"https://oikaw.com/about-1","/about-1","oikaw.com historical","archive-verified-live-unchecked","other","YUSUKE OIKAWA - About","","https://oikaw.com/about-1","","","","","","","en-US","false","true","https://web.archive.org/web/20210801042335/https://oikaw.com/about-1","Historical 200 response verified from the public Internet Archive; current live status was not individually tested. Human Validation confirmed the future Profile/About destination /about."
"https://oikaw.com/animistic-sculpture","/animistic-sculpture","oikaw.com public alias; oikaw.oikaw.com archived canonical","archive-verified-live-unchecked","category-index","YUSUKE OIKAWA - VR Sculpture","|| Director, Visual Artist || This page is dedicated to the work of Yusuke Oikawa.","https://oikaw.oikaw.com/animistic-sculpture","","","","VR Sculpture index","","","en-US","false","true","https://web.archive.org/web/20251015135433/https://oikaw.oikaw.com/animistic-sculpture","Historical 200 response verified from the public Internet Archive; current live status was not individually tested. Human Validation confirmed an HTTP 200 migration compatibility view at this same legacy pathname. Its historical Project subset is fixed by explicit IDs in url-migration-map.csv; it is not a normal-IA Collection or a future filter calculation."
"https://oikaw.com/as-01","/as-01","oikaw.com public alias; oikaw.oikaw.com archived canonical","archive-verified-live-unchecked","project","YUSUKE OIKAWA - 01 Power","|| Director, Visual Artist || This page is dedicated to the work of Yusuke Oikawa.","https://oikaw.oikaw.com/as-01","","","01 Power","VR Sculpture","","","en-US","false","true","https://web.archive.org/web/20250912094354/https://oikaw.oikaw.com/as-01","Historical 200 response verified from the public Internet Archive; current live status was not individually tested."
"https://oikaw.com/as-02","/as-02","oikaw.com public alias; oikaw.oikaw.com archived canonical","archive-verified-live-unchecked","project","YUSUKE OIKAWA - 02 Feeler","|| Director, Visual Artist || This page is dedicated to the work of Yusuke Oikawa.","https://oikaw.oikaw.com/as-02","","","02 Feeler","VR Sculpture","","","en-US","false","true","https://web.archive.org/web/20250912102008/https://oikaw.oikaw.com/as-02","Historical 200 response verified from the public Internet Archive; current live status was not individually tested."
"https://oikaw.com/as-03","/as-03","oikaw.com public alias; oikaw.oikaw.com archived canonical","archive-verified-live-unchecked","project","YUSUKE OIKAWA - 03 Harvest","|| Director, Visual Artist || This page is dedicated to the work of Yusuke Oikawa.","https://oikaw.oikaw.com/as-03","","","03 Harvest","VR Sculpture","","","en-US","false","true","https://web.archive.org/web/20250912105253/https://oikaw.oikaw.com/as-03","Historical 200 response verified from the public Internet Archive; current live status was not individually tested."
"https://oikaw.com/as-04","/as-04","oikaw.com public alias; oikaw.oikaw.com archived canonical","archive-verified-live-unchecked","project","YUSUKE OIKAWA - 04 Greed","|| Director, Visual Artist || This page is dedicated to the work of Yusuke Oikawa.","https://oikaw.oikaw.com/as-04","","","04 Greed","VR Sculpture","","","en-US","false","true","https://web.archive.org/web/20251015142703/https://oikaw.oikaw.com/as-04","Historical 200 response verified from the public Internet Archive; current live status was not individually tested."
"https://oikaw.com/as-05","/as-05","oikaw.com public alias; oikaw.oikaw.com archived canonical","archive-verified-live-unchecked","project","YUSUKE OIKAWA - 05 Devotion","|| Director, Visual Artist || This page is dedicated to the work of Yusuke Oikawa.","https://oikaw.oikaw.com/as-05","","","05 Devotion","VR Sculpture","","","en-US","false","true","https://web.archive.org/web/20250912100407/https://oikaw.oikaw.com/as-05","Historical 200 response verified from the public Internet Archive; current live status was not individually tested."
"https://oikaw.com/asiwc-coco","/asiwc-coco","oikaw.com public alias; oikaw.oikaw.com archived canonical","archive-verified-live-unchecked","project","YUSUKE OIKAWA - ASIWC - COCO de KIMEL","|| Director, Visual Artist || This page is dedicated to the work of Yusuke Oikawa.","https://oikaw.oikaw.com/asiwc-coco","2016","ASIWC (A SHEEP IN WOLF’S CLOTHING)","COCO de KIMEL","Video","Video All Works","","en-US","false","true","https://web.archive.org/web/20250912090024/https://oikaw.oikaw.com/asiwc-coco","Historical 200 response verified from the public Internet Archive; current live status was not individually tested."
"https://oikaw.com/asiwc-dekill","/asiwc-dekill","oikaw.com public alias; oikaw.oikaw.com archived canonical","archive-verified-live-unchecked","project","YUSUKE OIKAWA - ASIWC - DeKiLL","|| Director, Visual Artist || This page is dedicated to the work of Yusuke Oikawa.","https://oikaw.oikaw.com/asiwc-dekill","2018","ASIWC (A SHEEP IN WOLF’S CLOTHING)","DeKiLL","Video","Director; Videographer; Editor","","en-US","false","true","https://web.archive.org/web/20251015142618/https://oikaw.oikaw.com/asiwc-dekill","Historical 200 response verified from the public Internet Archive; current live status was not individually tested."
"https://oikaw.com/asiwc-maria-gucci","/asiwc-maria-gucci","oikaw.com public alias; oikaw.oikaw.com archived canonical","archive-verified-live-unchecked","project","YUSUKE OIKAWA - ASIWC - MARIA GUCCI","|| Director, Visual Artist || This page is dedicated to the work of Yusuke Oikawa.","https://oikaw.oikaw.com/asiwc-maria-gucci","2016","ASIWC (A SHEEP IN WOLF’S CLOTHING)","MARIA GUCCI","Video","Video All Works","","en-US","false","true","https://web.archive.org/web/20251015152556/https://oikaw.oikaw.com/asiwc-maria-gucci","Historical 200 response verified from the public Internet Archive; current live status was not individually tested."
"https://oikaw.com/beauty-battlers","/beauty-battlers","oikaw.com public alias; oikaw.oikaw.com archived canonical","archive-verified-live-unchecked","project","YUSUKE OIKAWA - Beauty Battlers","|| Director, Visual Artist || This page is dedicated to the work of Yusuke Oikawa.","https://oikaw.oikaw.com/beauty-battlers","2019","","Beauty Battlers","Graphic","","","en-US","false","true","https://web.archive.org/web/20251015145144/https://oikaw.oikaw.com/beauty-battlers","Historical 200 response verified from the public Internet Archive; current live status was not individually tested."
"https://oikaw.com/bycatch","/bycatch","oikaw.com public alias; oikaw.oikaw.com archived canonical","archive-verified-live-unchecked","project","YUSUKE OIKAWA - 混獲 -BYCATCH-","|| Director, Visual Artist || This page is dedicated to the work of Yusuke Oikawa.","https://oikaw.oikaw.com/bycatch","2018","","混獲 -BYCATCH-","Video","Video Director","","en-US","false","true","https://web.archive.org/web/20250912101300/https://oikaw.oikaw.com/bycatch","Historical 200 response verified from the public Internet Archive; current live status was not individually tested."
"https://oikaw.com/chuuichi-shouben","/chuuichi-shouben","oikaw.com public alias; oikaw.oikaw.com archived canonical","archive-verified-live-unchecked","project","YUSUKE OIKAWA - 中華一番 - 小便","|| Director, Visual Artist || This page is dedicated to the work of Yusuke Oikawa.","https://oikaw.oikaw.com/chuuichi-shouben","2016","中華一番","小便","Video","","","en-US","false","true","https://web.archive.org/web/20250912093751/https://oikaw.oikaw.com/chuuichi-shouben","Historical 200 response verified from the public Internet Archive; current live status was not individually tested."
"https://oikaw.com/chuuichi-theme","/chuuichi-theme","oikaw.com public alias; oikaw.oikaw.com archived canonical","archive-verified-live-unchecked","project","YUSUKE OIKAWA - 中華一番 - 中華一番のテーマ","|| Director, Visual Artist || This page is dedicated to the work of Yusuke Oikawa.","https://oikaw.oikaw.com/chuuichi-theme","2014","中華一番","中華一番のテーマ","Video","","","en-US","false","true","https://web.archive.org/web/20250912094200/https://oikaw.oikaw.com/chuuichi-theme","Historical 200 response verified from the public Internet Archive; current live status was not individually tested."
"https://oikaw.com/contact","/contact","oikaw.com public alias; oikaw.oikaw.com archived canonical","archive-verified-codex-http-404-human-browser-live","contact","YUSUKE OIKAWA - Contact","|| Director, Visual Artist || This page is dedicated to the work of Yusuke Oikawa.","https://oikaw.oikaw.com/contact","","","","","","","en-US","false","true","https://web.archive.org/web/20251015143438/https://oikaw.oikaw.com/contact","Public archive verified. Codex HTTP returned 404 on 2026-08-19, while Human Validation in normal Chrome confirmed the Adobe Portfolio site displayed normally; do not interpret the Codex response as a production outage."
"https://oikaw.com/dopinglife","/dopinglife","oikaw.com public alias; oikaw.oikaw.com archived canonical","archive-verified-live-unchecked","project","YUSUKE OIKAWA - TORIENA - Doping Life","|| Director, Visual Artist || This page is dedicated to the work of Yusuke Oikawa.","https://oikaw.oikaw.com/dopinglife","2018","TORIENA","Doping Life","Video","Director; Camera; Editor","","en-US","false","true","https://web.archive.org/web/20250912085437/https://oikaw.oikaw.com/dopinglife","Historical 200 response verified from the public Internet Archive; current live status was not individually tested."
"https://oikaw.com/dotama-honne","/dotama-honne","oikaw.com public alias; oikaw.oikaw.com archived canonical","archive-verified-live-unchecked","project","YUSUKE OIKAWA - DOTAMA feat. 般若 - 本音","|| Director, Visual Artist || This page is dedicated to the work of Yusuke Oikawa.","https://oikaw.oikaw.com/dotama-honne","2018","DOTAMA feat. 般若","本音","Video","Video All Works","","en-US","false","true","https://web.archive.org/web/20250912102525/https://oikaw.oikaw.com/dotama-honne","Historical 200 response verified from the public Internet Archive; current live status was not individually tested."
"https://oikaw.com/emily-2023","/emily-2023","oikaw.com public alias; oikaw.oikaw.com archived canonical","archive-verified-live-unchecked","photography","YUSUKE OIKAWA - Emily 2023","|| Director, Visual Artist || This page is dedicated to the work of Yusuke Oikawa.","https://oikaw.oikaw.com/emily-2023","","","Emily 2023","Photograph","","","en-US","false","false","https://web.archive.org/web/20251015141303/https://oikaw.oikaw.com/emily-2023","Historical 200 response verified from the public Internet Archive; current live status was not individually tested."
"https://oikaw.com/gasface-fxxk-me","/gasface-fxxk-me","oikaw.com public alias; oikaw.oikaw.com archived canonical","archive-verified-live-unchecked","project","YUSUKE OIKAWA - GASFACE - Fxxk Me / Training Days","|| Director, Visual Artist || This page is dedicated to the work of Yusuke Oikawa.","https://oikaw.oikaw.com/gasface-fxxk-me","2016","GASFACE","Fxxk Me, Training Days","Video","Video All Works","","en-US","false","true","https://web.archive.org/web/20251011162918/https://oikaw.oikaw.com/gasface-fxxk-me","Historical 200 response verified from the public Internet Archive; current live status was not individually tested."
"https://oikaw.com/gasface-item","/gasface-item","oikaw.com public alias; oikaw.oikaw.com archived canonical","archive-verified-live-unchecked","project","YUSUKE OIKAWA - GASFACE - ITEM","|| Director, Visual Artist || This page is dedicated to the work of Yusuke Oikawa.","https://oikaw.oikaw.com/gasface-item","2016","GASFACE","ITEM","Graphic","","","en-US","false","true","https://web.archive.org/web/20251011171200/https://oikaw.oikaw.com/gasface-item","Historical 200 response verified from the public Internet Archive; current live status was not individually tested."
"https://oikaw.com/graphic","/graphic","oikaw.com public alias; oikaw.oikaw.com archived canonical","archive-verified-codex-http-404-human-browser-live","category-index","YUSUKE OIKAWA - Graphic","|| Director, Visual Artist || This page is dedicated to the work of Yusuke Oikawa.","https://oikaw.oikaw.com/graphic","","","","Graphic index","","","en-US","false","true","https://web.archive.org/web/20251015145752/https://oikaw.oikaw.com/graphic","Public archive verified. Codex HTTP returned 404 on 2026-08-19, while Human Validation in normal Chrome confirmed the Adobe Portfolio site displayed normally; do not interpret the Codex response as a production outage."
"https://oikaw.com/india-2017-1-2","/india-2017-1-2","oikaw.com public alias; oikaw.oikaw.com archived canonical","archive-verified-live-unchecked","photography","YUSUKE OIKAWA - ""Kerala to Kathmandu"" 2017 1/2","|| Director, Visual Artist || This page is dedicated to the work of Yusuke Oikawa.","https://oikaw.oikaw.com/india-2017-1-2","","","""Kerala to Kathmandu"" 2017 1/2","Photograph","","","en-US","false","false","https://web.archive.org/web/20250912091648/https://oikaw.oikaw.com/india-2017-1-2","Historical 200 response verified from the public Internet Archive; current live status was not individually tested."
"https://oikaw.com/india-2017-2-2","/india-2017-2-2","oikaw.com public alias; oikaw.oikaw.com archived canonical","archive-verified-live-unchecked","photography","YUSUKE OIKAWA - ""Kerala to Kathmandu"" 2017 2/2","|| Director, Visual Artist || This page is dedicated to the work of Yusuke Oikawa.","https://oikaw.oikaw.com/india-2017-2-2","","","""Kerala to Kathmandu"" 2017 2/2","Photograph","","","en-US","false","false","https://web.archive.org/web/20250912091733/https://oikaw.oikaw.com/india-2017-2-2","Historical 200 response verified from the public Internet Archive; current live status was not individually tested."
"https://oikaw.com/invalid","/invalid","oikaw.com historical","archive-verified-live-unchecked","home","YUSUKE OIKAWA","","https://oikaw.com/invalid","","","","","","","en-US","false","true","https://web.archive.org/web/20200803094235/https://oikaw.com/invalid","Historical 200 response verified from the public Internet Archive; current live status was not individually tested."
"https://oikaw.com/klooz-seasons","/klooz-seasons","oikaw.com public alias; oikaw.oikaw.com archived canonical","archive-verified-live-unchecked","project-group","YUSUKE OIKAWA - KLOOZ ""SEASONS"" MVs","|| Director, Visual Artist || This page is dedicated to the work of Yusuke Oikawa.","https://oikaw.oikaw.com/klooz-seasons","2013","KLOOZ","","Video","Director; Camera; Edit","","en-US","true","true","https://web.archive.org/web/20251011152701/https://oikaw.oikaw.com/klooz-seasons","Historical 200 response verified from the public Internet Archive; current live status was not individually tested. Human Validation confirmed an HTTP 200 migration compatibility view at this same legacy pathname. Its historical Project subset is fixed by explicit IDs in url-migration-map.csv; it is not a normal-IA Collection or a future filter calculation."
"https://oikaw.com/lazy","/lazy","oikaw.com public alias; oikaw.oikaw.com archived canonical","archive-verified-live-unchecked","project","YUSUKE OIKAWA - LAZYgunsBRISKY Teaser Movie","|| Director, Visual Artist || This page is dedicated to the work of Yusuke Oikawa.","https://oikaw.oikaw.com/lazy","2018","LAZYgunsBRISKY","LAZYgunsBRISKY Teaser Movie","Video","","","en-US","false","true","https://web.archive.org/web/20251015145830/https://oikaw.oikaw.com/lazy","Historical 200 response verified from the public Internet Archive; current live status was not individually tested."
"https://oikaw.com/lex","/lex","oikaw.com historical","archive-verified-live-unchecked","project","YUSUKE OIKAWA - [鶴と亀 禄] パンチライン CGビジュアル","","https://oikaw.com/lex","2018","","[鶴と亀 禄] パンチライン CGビジュアル","Graphic","","","en-US","false","true","https://web.archive.org/web/20200918101500/https://oikaw.com/lex","Historical 200 response verified from the public Internet Archive; current live status was not individually tested."
"https://oikaw.com/lex-album","/lex-album","oikaw.com public alias; oikaw.oikaw.com archived canonical","archive-verified-live-unchecked","project","YUSUKE OIKAWA - LEX - !!!","|| Director, Visual Artist || This page is dedicated to the work of Yusuke Oikawa.","https://oikaw.oikaw.com/lex-album","2019","LEX","!!!","Graphic","Design; CG","","en-US","false","true","https://web.archive.org/web/20251015145025/https://oikaw.oikaw.com/lex-album","Historical 200 response verified from the public Internet Archive; current live status was not individually tested."
"https://oikaw.com/lex-star","/lex-star","oikaw.com public alias; oikaw.oikaw.com archived canonical","archive-verified-live-unchecked","project","YUSUKE OIKAWA - LEX - STAR","|| Director, Visual Artist || This page is dedicated to the work of Yusuke Oikawa.","https://oikaw.oikaw.com/lex-star","2019","LEX","STAR","Video","Director; Editor; CG","","en-US","false","true","https://web.archive.org/web/20250912090513/https://oikaw.oikaw.com/lex-star","Historical 200 response verified from the public Internet Archive; current live status was not individually tested."
"https://oikaw.com/maeshima-bloom-swipe","/maeshima-bloom-swipe","oikaw.com public alias; oikaw.oikaw.com archived canonical","archive-verified-live-unchecked","project","YUSUKE OIKAWA - maeshima soshi & BLOOM VASE - Swipe","|| Director, Visual Artist || This page is dedicated to the work of Yusuke Oikawa.","https://oikaw.oikaw.com/maeshima-bloom-swipe","2021","maeshima soshi & BLOOM VASE","Swipe","Video","Director; Camera; Edit","","en-US","false","true","https://web.archive.org/web/20250912104407/https://oikaw.oikaw.com/maeshima-bloom-swipe","Historical 200 response verified from the public Internet Archive; current live status was not individually tested."
"https://oikaw.com/maeshimasoshi","/maeshimasoshi","oikaw.com public alias; oikaw.oikaw.com archived canonical","archive-verified-live-unchecked","project","YUSUKE OIKAWA - Portrait of maeshima soshi","|| Director, Visual Artist || This page is dedicated to the work of Yusuke Oikawa.","https://oikaw.oikaw.com/maeshimasoshi","2021","maeshima soshi","Portrait of maeshima soshi","Graphic","","","en-US","false","true","https://web.archive.org/web/20250912085810/https://oikaw.oikaw.com/maeshimasoshi","Historical 200 response verified from the public Internet Archive; current live status was not individually tested."
"https://oikaw.com/majorminor","/majorminor","oikaw.com public alias; oikaw.oikaw.com archived canonical","archive-verified-live-unchecked","project","YUSUKE OIKAWA - NOISEMAKER - MAJOR-MINOR","|| Director, Visual Artist || This page is dedicated to the work of Yusuke Oikawa.","https://oikaw.oikaw.com/majorminor","2019","NOISEMAKER","MAJOR-MINOR","Video","Director; Editor; CG","","en-US","false","true","https://web.archive.org/web/20250912092730/https://oikaw.oikaw.com/majorminor","Historical 200 response verified from the public Internet Archive; current live status was not individually tested."
"https://oikaw.com/mflo-chelmico-runaways","/mflo-chelmico-runaways","oikaw.com public alias; oikaw.oikaw.com archived canonical","archive-verified-live-unchecked","project","YUSUKE OIKAWA - m-flo♡chelmico - RUN AWAYS","|| Director, Visual Artist || This page is dedicated to the work of Yusuke Oikawa.","https://oikaw.oikaw.com/mflo-chelmico-runaways","2020","m-flo♡chelmico","RUN AWAYS","Video","3DCG; Camera","","en-US","false","true","https://web.archive.org/web/20251011153004/https://oikaw.oikaw.com/mflo-chelmico-runaways","Historical 200 response verified from the public Internet Archive; current live status was not individually tested."
"https://oikaw.com/mojimo-game","/mojimo-game","oikaw.com public alias; oikaw.oikaw.com archived canonical","archive-verified-live-unchecked","project","YUSUKE OIKAWA - mojimo game","|| Director, Visual Artist || This page is dedicated to the work of Yusuke Oikawa.","https://oikaw.oikaw.com/mojimo-game","2018","","mojimo game","Graphic","","","en-US","false","true","https://web.archive.org/web/20251015144713/https://oikaw.oikaw.com/mojimo-game","Historical 200 response verified from the public Internet Archive; current live status was not individually tested."
"https://oikaw.com/monster-rion-message","/monster-rion-message","oikaw.com public alias; oikaw.oikaw.com archived canonical","archive-verified-live-unchecked","project","YUSUKE OIKAWA - Monster Rion - Message feat. 向井太一","|| Director, Visual Artist || This page is dedicated to the work of Yusuke Oikawa.","https://oikaw.oikaw.com/monster-rion-message","2018","Monster Rion feat. Taichi Mukai","Message","Video","Director; Videographer; Editor","","en-US","false","true","https://web.archive.org/web/20251015150638/https://oikaw.oikaw.com/monster-rion-message","Historical 200 response verified from the public Internet Archive; current live status was not individually tested."
"https://oikaw.com/monster-rion-secret","/monster-rion-secret","oikaw.com public alias; oikaw.oikaw.com archived canonical","archive-verified-live-unchecked","project","YUSUKE OIKAWA - Monster Rion - Secret Dancehall","|| Director, Visual Artist || This page is dedicated to the work of Yusuke Oikawa.","https://oikaw.oikaw.com/monster-rion-secret","2018","Monster Rion (SONPUB & The BK Sound)","Secret Dancehall feat. IO, YOUNG JUJU & Thelma Aoyama","Video","Director; Videographer; Editor; CG","","en-US","false","true","https://web.archive.org/web/20250912095240/https://oikaw.oikaw.com/monster-rion-secret","Historical 200 response verified from the public Internet Archive; current live status was not individually tested."
"https://oikaw.com/monster-riot","/monster-riot","oikaw.com public alias; oikaw.oikaw.com archived canonical","archive-verified-live-unchecked","project","YUSUKE OIKAWA - Monster Rion - Monster Riot ft. Jinmenusagi","|| Director, Visual Artist || This page is dedicated to the work of Yusuke Oikawa.","https://oikaw.oikaw.com/monster-riot","2016","Monster Rion (SONPUB & The BK Sound)","Monster Riot feat. Jinmenusagi","Video","Director; Videographer; Editor; CG","","en-US","false","true","https://web.archive.org/web/20250912095337/https://oikaw.oikaw.com/monster-riot","Historical 200 response verified from the public Internet Archive; current live status was not individually tested."
"https://oikaw.com/musicvideo","/musicvideo","oikaw.com historical","archive-verified-live-unchecked","category-index","YUSUKE OIKAWA - Video","","https://oikaw.com/musicvideo","","","","Video index","","","en-US","false","true","https://web.archive.org/web/20200803083339/https://oikaw.com/musicvideo","Historical 200 response verified from the public Internet Archive; current live status was not individually tested."
"https://oikaw.com/others","/others","oikaw.com public alias; oikaw.oikaw.com archived canonical","archive-verified-live-unchecked","category-index","YUSUKE OIKAWA - Others","|| Director, Visual Artist || This page is dedicated to the work of Yusuke Oikawa.","https://oikaw.oikaw.com/others","","","","Others index","","","en-US","false","true","https://web.archive.org/web/20251015155349/https://oikaw.oikaw.com/others","Historical 200 response verified from the public Internet Archive; current live status was not individually tested."
"https://oikaw.com/photo","/photo","oikaw.com public alias; oikaw.oikaw.com archived canonical","archive-verified-codex-http-404-human-browser-live","category-index","YUSUKE OIKAWA - Photograph","|| Director, Visual Artist || This page is dedicated to the work of Yusuke Oikawa.","https://oikaw.oikaw.com/photo","","","","Photograph index","","","en-US","false","false","https://web.archive.org/web/20251015141346/https://oikaw.oikaw.com/photo","Public archive verified. Codex HTTP returned 404 on 2026-08-19, while Human Validation in normal Chrome confirmed the Adobe Portfolio site displayed normally; do not interpret the Codex response as a production outage."
"https://oikaw.com/portrait-4s4ki","/portrait-4s4ki","oikaw.com historical","archive-verified-live-unchecked","project","YUSUKE OIKAWA - Portrait of 4s4ki","","https://oikaw.com/portrait-4s4ki","2020","4s4ki","Portrait of 4s4ki","Graphic","","","en-US","false","true","https://web.archive.org/web/20200918094118/https://oikaw.com/portrait-4s4ki","Historical 200 response verified from the public Internet Archive; current live status was not individually tested."
"https://oikaw.com/portrait-4s4ki-2020","/portrait-4s4ki-2020","oikaw.com public alias; oikaw.oikaw.com archived canonical","archive-verified-live-unchecked","project","YUSUKE OIKAWA - Portrait of 4s4ki 2020","|| Director, Visual Artist || This page is dedicated to the work of Yusuke Oikawa.","https://oikaw.oikaw.com/portrait-4s4ki-2020","2020","4s4ki","Portrait of 4s4ki 2020","Graphic","","","en-US","false","true","https://web.archive.org/web/20251015143637/https://oikaw.oikaw.com/portrait-4s4ki-2020","Historical 200 response verified from the public Internet Archive; current live status was not individually tested."
"https://oikaw.com/portrait-satoru-kawaguchi","/portrait-satoru-kawaguchi","oikaw.com public alias; oikaw.oikaw.com archived canonical","archive-verified-live-unchecked","project","YUSUKE OIKAWA - Portrait of Satoru Kawaguchi","|| Director, Visual Artist || This page is dedicated to the work of Yusuke Oikawa.","https://oikaw.oikaw.com/portrait-satoru-kawaguchi","2019","","Portrait of Satoru Kawaguchi","Graphic","","","en-US","false","true","https://web.archive.org/web/20251011161957/https://oikaw.oikaw.com/portrait-satoru-kawaguchi","Historical 200 response verified from the public Internet Archive; current live status was not individually tested."
"https://oikaw.com/portrait-sk","/portrait-sk","oikaw.com historical","archive-verified-live-unchecked","project","YUSUKE OIKAWA - Portrait of Satoru Kawaguchi","","https://oikaw.com/portrait-sk","2019","","Portrait of Satoru Kawaguchi","Graphic","","","en-US","false","true","https://web.archive.org/web/20200918112751/https://oikaw.com/portrait-sk","Historical 200 response verified from the public Internet Archive; current live status was not individually tested."
"https://oikaw.com/sexgame","/sexgame","oikaw.com public alias; oikaw.oikaw.com archived canonical","archive-verified-live-unchecked","project","YUSUKE OIKAWA - the hatch - SEXGAME","|| Director, Visual Artist || This page is dedicated to the work of Yusuke Oikawa.","https://oikaw.oikaw.com/sexgame","2018","the hatch","SEXGAME","Video","Director; Videographer; Editor","","en-US","false","true","https://web.archive.org/web/20250912090806/https://oikaw.oikaw.com/sexgame","Historical 200 response verified from the public Internet Archive; current live status was not individually tested."
"https://oikaw.com/star","/star","oikaw.com historical","archive-verified-live-unchecked","project","YUSUKE OIKAWA - LEX - STAR","","https://oikaw.com/star","2019","LEX","STAR","Video","Director; Editor; CG","","en-US","false","true","https://web.archive.org/web/20200918093329/https://oikaw.com/star","Historical 200 response verified from the public Internet Archive; current live status was not individually tested."
"https://oikaw.com/tentere-ending","/tentere-ending","oikaw.com public alias; oikaw.oikaw.com archived canonical","archive-verified-codex-http-404-human-browser-live","project-group","YUSUKE OIKAWA - Eテレ 天才てれびくん エンディング","|| Director, Visual Artist || This page is dedicated to the work of Yusuke Oikawa.","https://oikaw.oikaw.com/tentere-ending","2018; 2019; 2020; 2021; 2022","","","Video","Director; Editor; 3DCG","","en-US","true","true","https://web.archive.org/web/20251015135926/https://oikaw.oikaw.com/tentere-ending","Public archive verified. Codex HTTP returned 404 on 2026-08-19, while Human Validation in normal Chrome confirmed the Adobe Portfolio site displayed normally; do not interpret the Codex response as a production outage. Human Validation confirmed an HTTP 200 migration compatibility view at this same legacy pathname. Its historical Project subset is fixed by explicit IDs in url-migration-map.csv; it is not a normal-IA Collection or a future filter calculation."
"https://oikaw.com/thai-2016","/thai-2016","oikaw.com public alias; oikaw.oikaw.com archived canonical","archive-verified-live-unchecked","photography","YUSUKE OIKAWA - ""タイ ประเทศไทย Thailand"" 2016","|| Director, Visual Artist || This page is dedicated to the work of Yusuke Oikawa.","https://oikaw.oikaw.com/thai-2016","","","""タイ ประเทศไทย Thailand"" 2016","Photograph","","","en-US","false","false","https://web.archive.org/web/20251011162202/https://oikaw.oikaw.com/thai-2016","Historical 200 response verified from the public Internet Archive; current live status was not individually tested."
"https://oikaw.com/top","/top","oikaw.com public alias; oikaw.oikaw.com archived canonical","archive-verified-live-unchecked","home","YUSUKE OIKAWA","|| Director, Visual Artist || This page is dedicated to the work of Yusuke Oikawa.","https://oikaw.oikaw.com/top","","","","","","","en-US","false","true","https://web.archive.org/web/20251015145225/https://oikaw.oikaw.com/top","Historical 200 response verified from the public Internet Archive; current live status was not individually tested."
"https://oikaw.com/tsuru-to-kame","/tsuru-to-kame","oikaw.com public alias; oikaw.oikaw.com archived canonical","archive-verified-live-unchecked","project","YUSUKE OIKAWA - [鶴と亀 禄] パンチライン CGビジュアル","|| Director, Visual Artist || This page is dedicated to the work of Yusuke Oikawa.","https://oikaw.oikaw.com/tsuru-to-kame","2017","","[鶴と亀 禄] パンチライン CGビジュアル","Graphic","","","en-US","false","true","https://web.archive.org/web/20250912085152/https://oikaw.oikaw.com/tsuru-to-kame","Historical 200 response verified from the public Internet Archive; current live status was not individually tested."
"https://oikaw.com/video","/video","oikaw.com public alias; oikaw.oikaw.com archived canonical","archive-verified-codex-http-404-human-browser-live","category-index","YUSUKE OIKAWA - Video","|| Director, Visual Artist || This page is dedicated to the work of Yusuke Oikawa.","https://oikaw.oikaw.com/video","","","","Video index","","","en-US","false","true","https://web.archive.org/web/20251015152638/https://oikaw.oikaw.com/video","Public archive verified. Codex HTTP returned 404 on 2026-08-19, while Human Validation in normal Chrome confirmed the Adobe Portfolio site displayed normally; do not interpret the Codex response as a production outage."
