"candidate_project_id","proposed_slug","proposed_title","year","media","type","roles","techniques","context","scope","client_or_artist","series_collection","related_project_ids","source_legacy_urls","normalization_action","decision_class","confidence","human_review_required","evidence","notes"
"project-06-emitter","06-emitter","06 Emitter","","Sculpture","Other Type","","CGI; VR Modeling","","","","VR Sculpture","","https://oikaw.com/06-emitter","keep","auto-approvable","medium","false","https://web.archive.org/web/20251015143313/https://oikaw.oikaw.com/06-emitter",""
"project-07-luck","07-luck","07 Luck","","Sculpture","Other Type","","CGI; VR Modeling","","","","VR Sculpture","","https://oikaw.com/07-luck","keep","auto-approvable","medium","false","https://web.archive.org/web/20250912102233/https://oikaw.oikaw.com/07-luck",""
"project-08-daydream","08-daydream","08 Daydream","","Sculpture","Other Type","","CGI; VR Modeling","","","","VR Sculpture","","https://oikaw.com/08-daydream","keep","auto-approvable","medium","false","https://web.archive.org/web/20250912104709/https://oikaw.oikaw.com/08-daydream",""
"project-4s4ki-artwork-2020-01","4s4ki-yourdreamland","おまえのドリームランド (Your Dreamland)","2020","Image","Cover Art","","","","","4s4ki","4s4ki Art Works","project-4s4ki-mvs-2020-01","https://oikaw.com/4s4ki-artwork-2020; https://oikaw.com/4s4ki-yourdreamland","split-from-group","auto-approvable","high","false","https://web.archive.org/web/20251015153443/https://oikaw.oikaw.com/4s4ki-artwork-2020; https://web.archive.org/web/20200918103023/https://oikaw.com/4s4ki-yourdreamland","Split confirmed: the archived page has an explicit independent title/year/output block; one output remains one Project. Related candidate is the same verified song/work across a distinct Image/Cover Art and Video/Music Video output; keep as separate Projects."
"project-4s4ki-artwork-2020-02","4s4ki-nemnem-remix","NEMNEM REMIX EP","2020","Image","Cover Art","","","","","4s4ki","4s4ki Art Works","","https://oikaw.com/4s4ki-artwork-2020; https://oikaw.com/4s4ki-nemnem-remix","split-from-group","auto-approvable","high","false","https://web.archive.org/web/20251015153443/https://oikaw.oikaw.com/4s4ki-artwork-2020; https://web.archive.org/web/20200918112818/https://oikaw.com/4s4ki-nemnem-remix","Split confirmed: the archived page has an explicit independent title/year/output block; one output remains one Project."
"project-4s4ki-artwork-2020-03","4s4ki-masayoshi-iimori","遺影にイェーイ","2020","Image","Cover Art","","","","","4s4ki, Masayoshi Iimori","4s4ki Art Works","","https://oikaw.com/4s4ki-artwork-2020; https://oikaw.com/4s4ki-masayoshi-iimori","split-from-group","auto-approvable","high","false","https://web.archive.org/web/20251015153443/https://oikaw.oikaw.com/4s4ki-artwork-2020; https://web.archive.org/web/20220518153845/https://oikaw.com/4s4ki-masayoshi-iimori","Split confirmed: the archived page has an explicit independent title/year/output block; one output remains one Project."
"project-4s4ki-artwork-2021-01","fairytale-cover-art","FAIRYTALE feat. Zheani","2021","Image","Cover Art","","","","","4s4ki","4s4ki Art Works","project-4s4ki-mvs-2021-1st-01","https://oikaw.com/4s4ki-artwork-2021; https://oikaw.com/4s4ki-singles-2021","split-from-group","auto-approvable","high","false","https://web.archive.org/web/20251015153819/https://oikaw.oikaw.com/4s4ki-artwork-2021; https://web.archive.org/web/20220518154516/https://oikaw.com/4s4ki-singles-2021","Split confirmed: the archived page has an explicit independent title/year/output block; one output remains one Project. Related candidate is the same verified song/work across a distinct Image/Cover Art and Video/Music Video output; keep as separate Projects. Slug assigned under the approved title-based lowercase ASCII kebab-case policy; existing nonblank slugs are not renamed solely for style consistency."
"project-4s4ki-artwork-2021-02","gemstone-cover-art","gemstone feat. Puppet","2021","Image","Cover Art","","","","","4s4ki","4s4ki Art Works","project-4s4ki-mvs-2021-1st-02","https://oikaw.com/4s4ki-artwork-2021; https://oikaw.com/4s4ki-singles-2021","split-from-group","auto-approvable","high","false","https://web.archive.org/web/20251015153819/https://oikaw.oikaw.com/4s4ki-artwork-2021; https://web.archive.org/web/20220518154516/https://oikaw.com/4s4ki-singles-2021","Split confirmed: the archived page has an explicit independent title/year/output block; one output remains one Project. Related candidate is the same verified song/work across a distinct Image/Cover Art and Video/Music Video output; keep as separate Projects. Slug assigned under the approved title-based lowercase ASCII kebab-case policy; existing nonblank slugs are not renamed solely for style consistency."
"project-4s4ki-artwork-2021-03","alice-cover-art","ALICE feat. Smrtdeath","2021","Image","Cover Art","","","","","4s4ki","4s4ki Art Works","project-4s4ki-mvs-2021-1st-03","https://oikaw.com/4s4ki-artwork-2021; https://oikaw.com/4s4ki-singles-2021","split-from-group","auto-approvable","high","false","https://web.archive.org/web/20251015153819/https://oikaw.oikaw.com/4s4ki-artwork-2021; https://web.archive.org/web/20220518154516/https://oikaw.com/4s4ki-singles-2021","Split confirmed: the archived page has an explicit independent title/year/output block; one output remains one Project. Related candidate is the same verified song/work across a distinct Image/Cover Art and Video/Music Video output; keep as separate Projects. Slug assigned under the approved title-based lowercase ASCII kebab-case policy; existing nonblank slugs are not renamed solely for style consistency."
"project-4s4ki-artwork-2022-01","portrait-4s4ki-2022","Portrait of 4s4ki 2022","2022","Image","Portrait","","","","","4s4ki","4s4ki Art Works","","https://oikaw.com/4s4ki-artwork-2022","split-from-group","auto-approvable","high","false","https://web.archive.org/web/20251015154148/https://oikaw.oikaw.com/4s4ki-artwork-2022","Split confirmed as an independent Portrait Project. Human Validation confirmed the descriptive title Portrait of 4s4ki 2022 and slug portrait-4s4ki-2022. The archived expression “マジカル阿修羅 / Magical Ashura” is retained as evidence but is not treated as the formal Project title."
"project-4s4ki-artwork-2022-02","log-out-cover-art","LOG OUT","2022","Image","Cover Art","","CGI; VR Modeling","","","4s4ki","4s4ki Art Works","project-4s4ki-mvs-2022-2nd-01","https://oikaw.com/4s4ki-artwork-2022","split-from-group","auto-approvable","high","false","https://web.archive.org/web/20251015154148/https://oikaw.oikaw.com/4s4ki-artwork-2022","Split confirmed: the archived page has an explicit independent title/year/output block; one output remains one Project. Related candidate is the same verified song/work across a distinct Image/Cover Art and Video/Music Video output; keep as separate Projects. Slug assigned under the approved title-based lowercase ASCII kebab-case policy; existing nonblank slugs are not renamed solely for style consistency."
"project-4s4ki-artwork-2022-03","freedom-kingdom","Freedom Kingdom feat. Swervy","2022","Image","Cover Art","","","","","4s4ki","4s4ki Art Works","","https://oikaw.com/4s4ki-artwork-2022","split-from-group","auto-approvable","high","false","https://web.archive.org/web/20251015154148/https://oikaw.oikaw.com/4s4ki-artwork-2022","Split confirmed: the archived page has an explicit independent title/year/output block; one output remains one Project. Slug assigned under the approved title-based lowercase ASCII kebab-case policy; existing nonblank slugs are not renamed solely for style consistency."
"project-4s4ki-chouhametsuteki","4s4ki-chouhametsuteki","超破滅的思考","2019","Video","Music Video","Direction; Cinematography; Editing","Live Action","","","4s4ki","","","https://oikaw.com/4s4ki-chouhametsuteki; https://oikaw.com/4s4ki","merge-duplicate","auto-approvable","high","false","https://web.archive.org/web/20251015141005/https://oikaw.oikaw.com/4s4ki-chouhametsuteki; https://web.archive.org/web/20200918112009/https://oikaw.com/4s4ki","Canonical Project confirmed: archived source occurrences match the same output by title, artist/client, year, and content; retain every legacy source URL without creating another Project."
"project-4s4ki-h-o-h-01","here-or-heaven","Here or Heaven","2021","Image","Other Type","","","","","4s4ki","Here or Heaven / Here or Hell","","https://oikaw.com/4s4ki-h-o-h","split-from-group","auto-approvable","high","false","https://web.archive.org/web/20250912090319/https://oikaw.oikaw.com/4s4ki-h-o-h","Split confirmed: the archived page has an explicit independent title/year/output block; one output remains one Project. Slug assigned under the approved title-based lowercase ASCII kebab-case policy; existing nonblank slugs are not renamed solely for style consistency."
"project-4s4ki-h-o-h-02","here-or-hell","Here or Hell","2022","Image","Other Type","","","","","4s4ki","Here or Heaven / Here or Hell","","https://oikaw.com/4s4ki-h-o-h","split-from-group","auto-approvable","high","false","https://web.archive.org/web/20250912090319/https://oikaw.oikaw.com/4s4ki-h-o-h","Split confirmed: the archived page has an explicit independent title/year/output block; one output remains one Project. Slug assigned under the approved title-based lowercase ASCII kebab-case policy; existing nonblank slugs are not renamed solely for style consistency."
"project-4s4ki-mvs-2020-01","your-dreamland-music-video","おまえのドリームランド","2020","Video","Music Video","Direction; Cinematography; Editing","Live Action; CGI","","","4s4ki","4s4ki Music Videos","project-4s4ki-artwork-2020-01","https://oikaw.com/4s4ki-mvs-2020","split-from-group","auto-approvable","high","false","https://web.archive.org/web/20251015145550/https://oikaw.oikaw.com/4s4ki-mvs-2020","Split confirmed: the archived page has an explicit independent title/year/output block; one output remains one Project. Related candidate is the same verified song/work across a distinct Image/Cover Art and Video/Music Video output; keep as separate Projects. Slug assigned under the approved title-based lowercase ASCII kebab-case policy; existing nonblank slugs are not renamed solely for style consistency."
"project-4s4ki-mvs-2020-02","i-love-me","I LOVE ME","2020","Video","Music Video","Direction; Cinematography; Editing; Graphic Design","Live Action; CGI; Design","","","4s4ki","4s4ki Music Videos","","https://oikaw.com/4s4ki-mvs-2020","split-from-group","auto-approvable","high","false","https://web.archive.org/web/20251015145550/https://oikaw.oikaw.com/4s4ki-mvs-2020","Split confirmed: the archived page has an explicit independent title/year/output block; one output remains one Project. Slug assigned under the approved title-based lowercase ASCII kebab-case policy; existing nonblank slugs are not renamed solely for style consistency."
"project-4s4ki-mvs-2020-03","35-5","35.5","2020","Video","Music Video","Direction; Cinematography; Editing","Live Action","","","4s4ki","4s4ki Music Videos","","https://oikaw.com/4s4ki-mvs-2020","split-from-group","auto-approvable","high","false","https://web.archive.org/web/20251015145550/https://oikaw.oikaw.com/4s4ki-mvs-2020","Split confirmed: the archived page has an explicit independent title/year/output block; one output remains one Project. Slug assigned under the approved title-based lowercase ASCII kebab-case policy; existing nonblank slugs are not renamed solely for style consistency."
"project-4s4ki-mvs-2020-04","chronicle","クロニクル","2020","Video","Music Video","Direction; Cinematography; Editing","Live Action","","","4s4ki","4s4ki Music Videos","","https://oikaw.com/4s4ki-mvs-2020","split-from-group","auto-approvable","high","false","https://web.archive.org/web/20251015145550/https://oikaw.oikaw.com/4s4ki-mvs-2020","Split confirmed: the archived page has an explicit independent title/year/output block; one output remains one Project. Slug confirmed as chronicle (Human-confirmed title romanization) under the approved title-based lowercase ASCII kebab-case policy."
"project-4s4ki-mvs-2021-1st-01","fairytale-music-video","FAIRYTALE feat. Zheani","2021","Video","Music Video","Direction; Cinematography; Editing","Live Action","","","4s4ki","4s4ki Music Videos","project-4s4ki-artwork-2021-01","https://oikaw.com/4s4ki-mvs-2021-1st","split-from-group","auto-approvable","high","false","https://web.archive.org/web/20251015145908/https://oikaw.oikaw.com/4s4ki-mvs-2021-1st","Split confirmed: the archived page has an explicit independent title/year/output block; one output remains one Project. Related candidate is the same verified song/work across a distinct Image/Cover Art and Video/Music Video output; keep as separate Projects. Slug assigned under the approved title-based lowercase ASCII kebab-case policy; existing nonblank slugs are not renamed solely for style consistency."
"project-4s4ki-mvs-2021-1st-02","gemstone-music-video","gemstone feat. Puppet","2021","Video","Music Video","Direction; Cinematography; Editing; Graphic Design","Live Action; CGI; Design","","","4s4ki","4s4ki Music Videos","project-4s4ki-artwork-2021-02","https://oikaw.com/4s4ki-mvs-2021-1st","split-from-group","auto-approvable","high","false","https://web.archive.org/web/20251015145908/https://oikaw.oikaw.com/4s4ki-mvs-2021-1st","Split confirmed: the archived page has an explicit independent title/year/output block; one output remains one Project. Related candidate is the same verified song/work across a distinct Image/Cover Art and Video/Music Video output; keep as separate Projects. Slug assigned under the approved title-based lowercase ASCII kebab-case policy; existing nonblank slugs are not renamed solely for style consistency."
"project-4s4ki-mvs-2021-1st-03","alice-music-video","ALICE feat. Smrtdeath","2021","Video","Music Video","Direction; Cinematography; Editing","Live Action","","","4s4ki","4s4ki Music Videos","project-4s4ki-artwork-2021-03","https://oikaw.com/4s4ki-mvs-2021-1st","split-from-group","auto-approvable","high","false","https://web.archive.org/web/20251015145908/https://oikaw.oikaw.com/4s4ki-mvs-2021-1st","Split confirmed: the archived page has an explicit independent title/year/output block; one output remains one Project. Related candidate is the same verified song/work across a distinct Image/Cover Art and Video/Music Video output; keep as separate Projects. Slug assigned under the approved title-based lowercase ASCII kebab-case policy; existing nonblank slugs are not renamed solely for style consistency."
"project-4s4ki-mvs-2021-1st-04","44-seconds","44 seconds","2021","Video","Visualizer","","","","solo-production","4s4ki","4s4ki Music Videos","","https://oikaw.com/4s4ki-mvs-2021-1st","split-from-group","auto-approvable","high","false","https://web.archive.org/web/20251015145908/https://oikaw.oikaw.com/4s4ki-mvs-2021-1st","Split confirmed: the archived page has an explicit independent title/year/output block; one output remains one Project. Legacy “Video”/“Video All Works” credit is represented as scope=solo-production, not as a Role tag. Slug assigned under the approved title-based lowercase ASCII kebab-case policy; existing nonblank slugs are not renamed solely for style consistency."
"project-4s4ki-mvs-2021-2nd-01","star-player","STAR PLAYER","2021","Video","Music Video","Direction; Cinematography; Editing","Live Action","","","4s4ki","4s4ki Music Videos","","https://oikaw.com/4s4ki-mvs-2021-2nd","split-from-group","auto-approvable","high","false","https://web.archive.org/web/20250912094742/https://oikaw.oikaw.com/4s4ki-mvs-2021-2nd","Split confirmed: the archived page has an explicit independent title/year/output block; one output remains one Project. Slug assigned under the approved title-based lowercase ASCII kebab-case policy; existing nonblank slugs are not renamed solely for style consistency."
"project-4s4ki-mvs-2021-2nd-02","m-e-l-t","m e l t","2021","Video","Music Video","Direction; Cinematography; Editing","Live Action","","","4s4ki","4s4ki Music Videos","","https://oikaw.com/4s4ki-mvs-2021-2nd","split-from-group","auto-approvable","high","false","https://web.archive.org/web/20250912094742/https://oikaw.oikaw.com/4s4ki-mvs-2021-2nd","Split confirmed: the archived page has an explicit independent title/year/output block; one output remains one Project. Slug assigned under the approved title-based lowercase ASCII kebab-case policy; existing nonblank slugs are not renamed solely for style consistency."
"project-4s4ki-mvs-2021-2nd-03","obon","OBON","2021","Video","Music Video","Direction; Cinematography; Editing","Live Action","","","4s4ki","4s4ki Music Videos","","https://oikaw.com/4s4ki-mvs-2021-2nd","split-from-group","auto-approvable","high","false","https://web.archive.org/web/20250912094742/https://oikaw.oikaw.com/4s4ki-mvs-2021-2nd","Split confirmed: the archived page has an explicit independent title/year/output block; one output remains one Project. Slug assigned under the approved title-based lowercase ASCII kebab-case policy; existing nonblank slugs are not renamed solely for style consistency."
"project-4s4ki-mvs-2021-2nd-04","space-coaster","space coaster","2021","Video","Music Video","Direction; Cinematography; Editing","Live Action; CGI","","","4s4ki","4s4ki Music Videos","","https://oikaw.com/4s4ki-mvs-2021-2nd","split-from-group","auto-approvable","high","false","https://web.archive.org/web/20250912094742/https://oikaw.oikaw.com/4s4ki-mvs-2021-2nd","Split confirmed: the archived page has an explicit independent title/year/output block; one output remains one Project. Slug assigned under the approved title-based lowercase ASCII kebab-case policy; existing nonblank slugs are not renamed solely for style consistency."
"project-4s4ki-mvs-2022-1st-01","blackhole","ブラックホール","2022","Video","Music Video","Direction; Cinematography; Editing; Photography","Live Action","","","4s4ki","4s4ki Music Videos","","https://oikaw.com/4s4ki-mvs-2022-1st","split-from-group","auto-approvable","high","false","https://web.archive.org/web/20251015154418/https://oikaw.oikaw.com/4s4ki-mvs-2022-1st","Split confirmed: the archived page has an explicit independent title/year/output block; one output remains one Project. Slug confirmed as blackhole (Human-confirmed title romanization) under the approved title-based lowercase ASCII kebab-case policy."
"project-4s4ki-mvs-2022-1st-02","0h-g0d","0h G0D!!","2022","Video","Music Video","Direction; Cinematography; Editing; Illustration","Live Action; Drawing","","","4s4ki","4s4ki Music Videos","","https://oikaw.com/4s4ki-mvs-2022-1st","split-from-group","auto-approvable","high","false","https://web.archive.org/web/20251015154418/https://oikaw.oikaw.com/4s4ki-mvs-2022-1st","Split confirmed: the archived page has an explicit independent title/year/output block; one output remains one Project. Slug assigned under the approved title-based lowercase ASCII kebab-case policy; existing nonblank slugs are not renamed solely for style consistency."
"project-4s4ki-mvs-2022-2nd-01","log-out-music-video","LOG OUT","2022","Video","Music Video","Direction; Cinematography; Editing; 3D","Live Action; CGI; VR Modeling","","","4s4ki","4s4ki Music Videos","project-4s4ki-artwork-2022-02","https://oikaw.com/4s4ki-mvs-2022-2nd","split-from-group","auto-approvable","high","false","https://web.archive.org/web/20251015134858/https://oikaw.oikaw.com/4s4ki-mvs-2022-2nd","Split confirmed: the archived page has an explicit independent title/year/output block; one output remains one Project. Related candidate is the same verified song/work across a distinct Image/Cover Art and Video/Music Video output; keep as separate Projects. Slug assigned under the approved title-based lowercase ASCII kebab-case policy; existing nonblank slugs are not renamed solely for style consistency."
"project-4s4ki-mvs-2022-2nd-02","cyberspace","電脳郷","2022","Video","Music Video","Direction; Cinematography; Editing; 3D","Live Action; CGI; Generative AI","","","4s4ki","4s4ki Music Videos","","https://oikaw.com/4s4ki-mvs-2022-2nd","split-from-group","auto-approvable","high","false","https://web.archive.org/web/20251015134858/https://oikaw.oikaw.com/4s4ki-mvs-2022-2nd","Split confirmed: the archived page has an explicit independent title/year/output block; one output remains one Project. Slug confirmed as cyberspace (4s4ki official English form) under the approved title-based lowercase ASCII kebab-case policy."
"project-4s4ki-mvs-undeadcyborg-01","megajokki","☆メガジョッキ☆","2021","Video","Music Video","","","","solo-production","4s4ki","UNDEAD CYBORG","","https://oikaw.com/4s4ki-mvs-undeadcyborg","split-from-group","auto-approvable","high","false","https://web.archive.org/web/20251015135830/https://oikaw.oikaw.com/4s4ki-mvs-undeadcyborg","Split confirmed: the archived page has an explicit independent title/year/output block; one output remains one Project. Legacy “Video”/“Video All Works” credit is represented as scope=solo-production, not as a Role tag. Slug confirmed as megajokki (4s4ki official form MegaJokki, normalized to lowercase ASCII) under the approved title-based lowercase ASCII kebab-case policy."
"project-4s4ki-mvs-undeadcyborg-02","sugar-junky","Sugar Junky","2021","Video","Music Video","","","","solo-production","4s4ki","UNDEAD CYBORG","","https://oikaw.com/4s4ki-mvs-undeadcyborg","split-from-group","auto-approvable","high","false","https://web.archive.org/web/20251015135830/https://oikaw.oikaw.com/4s4ki-mvs-undeadcyborg","Split confirmed: the archived page has an explicit independent title/year/output block; one output remains one Project. Legacy “Video”/“Video All Works” credit is represented as scope=solo-production, not as a Role tag. Slug assigned under the approved title-based lowercase ASCII kebab-case policy; existing nonblank slugs are not renamed solely for style consistency."
"project-4s4ki-mvs-undeadcyborg-03","reimen","REIMEN","2021","Video","Music Video","","","","solo-production","4s4ki","UNDEAD CYBORG","","https://oikaw.com/4s4ki-mvs-undeadcyborg","split-from-group","auto-approvable","high","false","https://web.archive.org/web/20251015135830/https://oikaw.oikaw.com/4s4ki-mvs-undeadcyborg","Split confirmed: the archived page has an explicit independent title/year/output block; one output remains one Project. Legacy “Video”/“Video All Works” credit is represented as scope=solo-production, not as a Role tag. Slug assigned under the approved title-based lowercase ASCII kebab-case policy; existing nonblank slugs are not renamed solely for style consistency."
"project-4s4ki-mvs-undeadcyborg-04","happiness-theory","幸福論","2021","Video","Music Video","","","","solo-production","4s4ki","UNDEAD CYBORG","","https://oikaw.com/4s4ki-mvs-undeadcyborg","split-from-group","auto-approvable","high","false","https://web.archive.org/web/20251015135830/https://oikaw.oikaw.com/4s4ki-mvs-undeadcyborg","Split confirmed: the archived page has an explicit independent title/year/output block; one output remains one Project. Legacy “Video”/“Video All Works” credit is represented as scope=solo-production, not as a Role tag. Slug confirmed as happiness-theory (4s4ki official English form happiness theory) under the approved title-based lowercase ASCII kebab-case policy."
"project-as-01","as-01","01 Power","","Sculpture","Other Type","","CGI; VR Modeling","","","","VR Sculpture","","https://oikaw.com/as-01","keep","auto-approvable","medium","false","https://web.archive.org/web/20250912094354/https://oikaw.oikaw.com/as-01",""
"project-as-02","as-02","02 Feeler","","Sculpture","Other Type","","CGI; VR Modeling","","","","VR Sculpture","","https://oikaw.com/as-02","keep","auto-approvable","medium","false","https://web.archive.org/web/20250912102008/https://oikaw.oikaw.com/as-02",""
"project-as-03","as-03","03 Harvest","","Sculpture","Other Type","","CGI; VR Modeling","","","","VR Sculpture","","https://oikaw.com/as-03","keep","auto-approvable","medium","false","https://web.archive.org/web/20250912105253/https://oikaw.oikaw.com/as-03",""
"project-as-04","as-04","04 Greed","","Sculpture","Other Type","","CGI; VR Modeling","","","","VR Sculpture","","https://oikaw.com/as-04","keep","auto-approvable","medium","false","https://web.archive.org/web/20251015142703/https://oikaw.oikaw.com/as-04",""
"project-as-05","as-05","05 Devotion","","Sculpture","Other Type","","CGI; VR Modeling","","","","VR Sculpture","","https://oikaw.com/as-05","keep","auto-approvable","medium","false","https://web.archive.org/web/20250912100407/https://oikaw.oikaw.com/as-05",""
"project-asiwc-coco","asiwc-coco","COCO de KIMEL","2016","Video","Music Video","","","","solo-production","ASIWC (A SHEEP IN WOLF’S CLOTHING)","","","https://oikaw.com/asiwc-coco","keep","auto-approvable","high","false","https://web.archive.org/web/20250912090024/https://oikaw.oikaw.com/asiwc-coco","Legacy “Video”/“Video All Works” credit is represented as scope=solo-production, not as a Role tag."
"project-asiwc-dekill","asiwc-dekill","DeKiLL","2018","Video","Music Video","Direction; Cinematography; Editing","Live Action","","","ASIWC (A SHEEP IN WOLF’S CLOTHING)","","","https://oikaw.com/asiwc-dekill","keep","auto-approvable","high","false","https://web.archive.org/web/20251015142618/https://oikaw.oikaw.com/asiwc-dekill",""
"project-asiwc-maria-gucci","asiwc-maria-gucci","MARIA GUCCI","2016","Video","Music Video","","","","solo-production","ASIWC (A SHEEP IN WOLF’S CLOTHING)","","","https://oikaw.com/asiwc-maria-gucci","keep","auto-approvable","high","false","https://web.archive.org/web/20251015152556/https://oikaw.oikaw.com/asiwc-maria-gucci","Legacy “Video”/“Video All Works” credit is represented as scope=solo-production, not as a Role tag."
"project-beauty-battlers","beauty-battlers","Beauty Battlers","2019","Image","Other Type","","","Personal","","","","","https://oikaw.com/beauty-battlers","keep","auto-approvable","high","false","https://web.archive.org/web/20251015145144/https://oikaw.oikaw.com/beauty-battlers",""
"project-bycatch","bycatch","混獲 -BYCATCH-","2018","Video","Promo","Direction","","","","","","","https://oikaw.com/bycatch","keep","auto-approvable","high","false","https://web.archive.org/web/20250912101300/https://oikaw.oikaw.com/bycatch",""
"project-chuuichi-shouben","chuuichi-shouben","小便","2016","Video","Music Video","","","","","中華一番","","","https://oikaw.com/chuuichi-shouben","keep","auto-approvable","high","false","https://web.archive.org/web/20250912093751/https://oikaw.oikaw.com/chuuichi-shouben",""
"project-chuuichi-theme","chuuichi-theme","中華一番のテーマ","2014","Video","Music Video","","","","","中華一番","","","https://oikaw.com/chuuichi-theme","keep","auto-approvable","high","false","https://web.archive.org/web/20250912094200/https://oikaw.oikaw.com/chuuichi-theme",""
"project-dopinglife","dopinglife","Doping Life","2018","Video","Music Video","Direction; Cinematography; Editing","Live Action","","","TORIENA","","","https://oikaw.com/dopinglife","keep","auto-approvable","high","false","https://web.archive.org/web/20250912085437/https://oikaw.oikaw.com/dopinglife",""
"project-dotama-honne","dotama-honne","本音","2018","Video","Music Video","","","","solo-production","DOTAMA feat. 般若","","","https://oikaw.com/dotama-honne","keep","auto-approvable","high","false","https://web.archive.org/web/20250912102525/https://oikaw.oikaw.com/dotama-honne","Legacy “Video”/“Video All Works” credit is represented as scope=solo-production, not as a Role tag."
"project-emily-2023","emily-2023","Emily 2023","2023","Image","Photo","","","","","","","","https://oikaw.com/emily-2023","defer","auto-approvable","medium","false","https://web.archive.org/web/20251015141303/https://oikaw.oikaw.com/emily-2023","Photography Project retained for SEO migration with initial_release_scope=false; Project boundary is confirmed even though publication is deferred."
"project-gasface-fxxk-me","gasface-fxxk-me","Fxxk Me, Training Days","2016","Video","Music Video","","","","solo-production","GASFACE","","","https://oikaw.com/gasface-fxxk-me","keep","auto-approvable","high","false","https://web.archive.org/web/20251011162918/https://oikaw.oikaw.com/gasface-fxxk-me","Legacy “Video”/“Video All Works” credit is represented as scope=solo-production, not as a Role tag."
"project-gasface-item","gasface-item","ITEM","2016","Image","Cover Art","","","","","GASFACE","","","https://oikaw.com/gasface-item","keep","auto-approvable","high","false","https://web.archive.org/web/20251011171200/https://oikaw.oikaw.com/gasface-item",""
"project-kerala-to-kathmandu-2017","kerala-to-kathmandu-2017","""Kerala to Kathmandu"" 2017","2017","Image","Photo","","","","","","","","https://oikaw.com/india-2017-1-2; https://oikaw.com/india-2017-2-2","merge-duplicate","ai-decidable","high","false","https://web.archive.org/web/20250912091648/https://oikaw.oikaw.com/india-2017-1-2; https://web.archive.org/web/20250912091733/https://oikaw.oikaw.com/india-2017-2-2","Two archived pages labeled 1/2 and 2/2 are continuation galleries for one Photography output; retain both sources under one Project. initial_release_scope=false. Slug assigned under the approved title-based lowercase ASCII kebab-case policy; existing nonblank slugs are not renamed solely for style consistency."
"project-klooz-seasons-01","find-you","Find You (Prod. by Seiho)","2013","Video","Music Video","Direction; Cinematography; Editing","Live Action","","","KLOOZ","SEASONS","","https://oikaw.com/klooz-seasons","split-from-group","ai-decidable","high","false","https://web.archive.org/web/20251011152701/https://oikaw.oikaw.com/klooz-seasons","Split confirmed by evidence-based interpretation: the legacy page groups distinct released outputs, not gallery or supplementary media. Slug assigned under the approved title-based lowercase ASCII kebab-case policy; existing nonblank slugs are not renamed solely for style consistency."
"project-klooz-seasons-02","you-are","You Are... (Prod. by grooveman Spot)","2013","Video","Music Video","Direction; Cinematography; Editing","Live Action","","","KLOOZ","SEASONS","","https://oikaw.com/klooz-seasons","split-from-group","ai-decidable","high","false","https://web.archive.org/web/20251011152701/https://oikaw.oikaw.com/klooz-seasons","Split confirmed by evidence-based interpretation: the legacy page groups distinct released outputs, not gallery or supplementary media. Slug assigned under the approved title-based lowercase ASCII kebab-case policy; existing nonblank slugs are not renamed solely for style consistency."
"project-klooz-seasons-03","lack-of-communication","Lack of Communication (Prod. by grooveman Spot)","2013","Video","Music Video","Direction; Cinematography; Editing","Live Action","","","KLOOZ","SEASONS","","https://oikaw.com/klooz-seasons","split-from-group","ai-decidable","high","false","https://web.archive.org/web/20251011152701/https://oikaw.oikaw.com/klooz-seasons","Split confirmed by evidence-based interpretation: the legacy page groups distinct released outputs, not gallery or supplementary media. Slug assigned under the approved title-based lowercase ASCII kebab-case policy; existing nonblank slugs are not renamed solely for style consistency."
"project-lazy","lazy","LAZYgunsBRISKY Teaser Movie","2018","Video","Promo","","","","","LAZYgunsBRISKY","","","https://oikaw.com/lazy","keep","auto-approvable","high","false","https://web.archive.org/web/20251015145830/https://oikaw.oikaw.com/lazy",""
"project-lex-album","lex-album","!!!","2019","Image","Cover Art","Graphic Design","CGI; Design","","","LEX","","","https://oikaw.com/lex-album","keep","auto-approvable","high","false","https://web.archive.org/web/20251015145025/https://oikaw.oikaw.com/lex-album","Legacy “CG” is retained as Technique=CGI and is not guessed as Role=3D or VFX."
"project-lex-star","lex-star","STAR","2019","Video","Music Video","Direction; Editing","CGI","","","LEX","","","https://oikaw.com/lex-star; https://oikaw.com/star","merge-duplicate","auto-approvable","high","false","https://web.archive.org/web/20250912090513/https://oikaw.oikaw.com/lex-star; https://web.archive.org/web/20200918093329/https://oikaw.com/star","Canonical Project confirmed: archived source occurrences match the same output by title, artist/client, year, and content; retain every legacy source URL without creating another Project. Legacy “CG” is retained as Technique=CGI and is not guessed as Role=3D or VFX."
"project-maeshima-bloom-swipe","maeshima-bloom-swipe","Swipe","2021","Video","Music Video","Direction; Cinematography; Editing","Live Action","","","maeshima soshi & BLOOM VASE","","","https://oikaw.com/maeshima-bloom-swipe","keep","auto-approvable","high","false","https://web.archive.org/web/20250912104407/https://oikaw.oikaw.com/maeshima-bloom-swipe",""
"project-maeshimasoshi","maeshimasoshi","Portrait of maeshima soshi","2021","Image","Portrait","","Animation; Drawing","","","maeshima soshi","","","https://oikaw.com/maeshimasoshi","keep","auto-approvable","high","false","https://web.archive.org/web/20250912085810/https://oikaw.oikaw.com/maeshimasoshi",""
"project-majorminor","majorminor","MAJOR-MINOR","2019","Video","Music Video","Direction; Editing","CGI","","","NOISEMAKER","","","https://oikaw.com/majorminor","keep","auto-approvable","high","false","https://web.archive.org/web/20250912092730/https://oikaw.oikaw.com/majorminor","Legacy “CG” is retained as Technique=CGI and is not guessed as Role=3D or VFX."
"project-mflo-chelmico-runaways","mflo-chelmico-runaways","RUN AWAYS","2020","Video","Music Video","3D; Cinematography","CGI; Live Action","","","m-flo♡chelmico","","","https://oikaw.com/mflo-chelmico-runaways","keep","auto-approvable","high","false","https://web.archive.org/web/20251011153004/https://oikaw.oikaw.com/mflo-chelmico-runaways",""
"project-mojimo-game","mojimo-game","mojimo game","2018","Image","Other Type","","","Client","","Fontworks","","","https://oikaw.com/mojimo-game","keep","auto-approvable","high","false","https://web.archive.org/web/20251015144713/https://oikaw.oikaw.com/mojimo-game",""
"project-monster-rion-message","monster-rion-message","Message","2018","Video","Music Video","Direction; Cinematography; Editing","Live Action","","","Monster Rion feat. Taichi Mukai","","","https://oikaw.com/monster-rion-message","keep","auto-approvable","high","false","https://web.archive.org/web/20251015150638/https://oikaw.oikaw.com/monster-rion-message",""
"project-monster-rion-secret","monster-rion-secret","Secret Dancehall feat. IO, YOUNG JUJU & Thelma Aoyama","2018","Video","Music Video","Direction; Cinematography; Editing","CGI; Live Action","","","Monster Rion (SONPUB & The BK Sound)","","","https://oikaw.com/monster-rion-secret","keep","auto-approvable","high","false","https://web.archive.org/web/20250912095240/https://oikaw.oikaw.com/monster-rion-secret","Legacy “CG” is retained as Technique=CGI and is not guessed as Role=3D or VFX."
"project-monster-riot","monster-riot","Monster Riot feat. Jinmenusagi","2016","Video","Music Video","Direction; Cinematography; Editing","CGI; Live Action","","","Monster Rion (SONPUB & The BK Sound)","","","https://oikaw.com/monster-riot","keep","auto-approvable","high","false","https://web.archive.org/web/20250912095337/https://oikaw.oikaw.com/monster-riot","Legacy “CG” is retained as Technique=CGI and is not guessed as Role=3D or VFX."
"project-portrait-4s4ki-2020","portrait-4s4ki-2020","Portrait of 4s4ki 2020","2020","Image","Portrait","","","","","4s4ki","","","https://oikaw.com/portrait-4s4ki-2020; https://oikaw.com/portrait-4s4ki","merge-duplicate","auto-approvable","high","false","https://web.archive.org/web/20251015143637/https://oikaw.oikaw.com/portrait-4s4ki-2020; https://web.archive.org/web/20200918094118/https://oikaw.com/portrait-4s4ki","Canonical Project confirmed: archived source occurrences match the same output by title, artist/client, year, and content; retain every legacy source URL without creating another Project."
"project-portrait-satoru-kawaguchi","portrait-satoru-kawaguchi","Portrait of Satoru Kawaguchi","2019","Image","Portrait","","Mixed Media","","","","","","https://oikaw.com/portrait-satoru-kawaguchi; https://oikaw.com/portrait-sk","merge-duplicate","auto-approvable","high","false","https://web.archive.org/web/20251011161957/https://oikaw.oikaw.com/portrait-satoru-kawaguchi; https://web.archive.org/web/20200918112751/https://oikaw.com/portrait-sk","Canonical Project confirmed: archived source occurrences match the same output by title, artist/client, year, and content; retain every legacy source URL without creating another Project."
"project-sexgame","sexgame","SEXGAME","2018","Video","Music Video","Direction; Cinematography; Editing","Live Action","","","the hatch","","","https://oikaw.com/sexgame","keep","auto-approvable","high","false","https://web.archive.org/web/20250912090806/https://oikaw.oikaw.com/sexgame",""
"project-tentere-ending-2018","tentere-ending-2018","NHK Eテレ「天才てれびくんYOU」エンディング","2018","Video","Broadcast","Direction; Editing","CGI","","","NHK Eテレ","天才てれびくん エンディング","","https://oikaw.com/tentere-ending","split-from-group","ai-decidable","high","false","https://web.archive.org/web/20251015135926/https://oikaw.oikaw.com/tentere-ending","Split confirmed by evidence-based interpretation: the legacy page groups distinct released outputs, not gallery or supplementary media. Slug assigned under the approved title-based lowercase ASCII kebab-case policy; existing nonblank slugs are not renamed solely for style consistency."
"project-tentere-ending-2019","tentere-ending-2019","NHK Eテレ「天才てれびくんYOU」エンディング","2019","Video","Broadcast","Direction; Editing","CGI","","","NHK Eテレ","天才てれびくん エンディング","","https://oikaw.com/tentere-ending","split-from-group","ai-decidable","high","false","https://web.archive.org/web/20251015135926/https://oikaw.oikaw.com/tentere-ending","Split confirmed by evidence-based interpretation: the legacy page groups distinct released outputs, not gallery or supplementary media. Slug assigned under the approved title-based lowercase ASCII kebab-case policy; existing nonblank slugs are not renamed solely for style consistency."
"project-tentere-ending-2020","tentere-ending-2020","NHK Eテレ「天才てれびくんhello」エンディング","2020","Video","Broadcast","Direction; Editing","CGI","","","NHK Eテレ","天才てれびくん エンディング","","https://oikaw.com/tentere-ending","split-from-group","ai-decidable","high","false","https://web.archive.org/web/20251015135926/https://oikaw.oikaw.com/tentere-ending","Split confirmed by evidence-based interpretation: the legacy page groups distinct released outputs, not gallery or supplementary media. Slug assigned under the approved title-based lowercase ASCII kebab-case policy; existing nonblank slugs are not renamed solely for style consistency."
"project-tentere-ending-2021","tentere-ending-2021","NHK Eテレ「天才てれびくんhello」エンディング","2021","Video","Broadcast","Direction; Editing; 3D","CGI; Animation","","","NHK Eテレ","天才てれびくん エンディング","","https://oikaw.com/tentere-ending","split-from-group","ai-decidable","high","false","https://web.archive.org/web/20251015135926/https://oikaw.oikaw.com/tentere-ending","Split confirmed by evidence-based interpretation: the legacy page groups distinct released outputs, not gallery or supplementary media. Slug assigned under the approved title-based lowercase ASCII kebab-case policy; existing nonblank slugs are not renamed solely for style consistency."
"project-tentere-ending-2022","tentere-ending-2022","NHK Eテレ「天才てれびくんhello」エンディング","2022","Video","Broadcast","","","","","NHK Eテレ","天才てれびくん エンディング","","https://oikaw.com/tentere-ending","split-from-group","ai-decidable","high","false","https://web.archive.org/web/20251015135926/https://oikaw.oikaw.com/tentere-ending","Split confirmed by evidence-based interpretation: the legacy page groups distinct released outputs, not gallery or supplementary media. Slug assigned under the approved title-based lowercase ASCII kebab-case policy; existing nonblank slugs are not renamed solely for style consistency."
"project-thai-2016","thai-2016","""タイ ประเทศไทย Thailand"" 2016","2016","Image","Photo","","","","","","","","https://oikaw.com/thai-2016","defer","auto-approvable","medium","false","https://web.archive.org/web/20251011162202/https://oikaw.oikaw.com/thai-2016","Photography Project retained for SEO migration with initial_release_scope=false; Project boundary is confirmed even though publication is deferred."
"project-tsuru-to-kame","tsuru-to-kame","[鶴と亀 禄] パンチライン CGビジュアル","2017","Image","Other Type","3D","CGI","","","","","","https://oikaw.com/tsuru-to-kame; https://oikaw.com/lex","merge-duplicate","auto-approvable","high","false","https://web.archive.org/web/20250912085152/https://oikaw.oikaw.com/tsuru-to-kame; https://web.archive.org/web/20200918101500/https://oikaw.com/lex","Canonical Project confirmed: archived source occurrences match the same output by title, artist/client, year, and content; retain every legacy source URL without creating another Project."
